"category","original_path","library_path","publication_status","notes"
"baseline-audit-screenshot","docs\audits\screenshots\current\1280x800-01-opening.png","assets\anvelia\07-baseline-audit-screenshots\1280x800-01-opening.png","internal-baseline-evidence","Current-experience audit screenshot."
"baseline-audit-screenshot","docs\audits\screenshots\current\1280x800-02-navigation-open.png","assets\anvelia\07-baseline-audit-screenshots\1280x800-02-navigation-open.png","internal-baseline-evidence","Current-experience audit screenshot."
"baseline-audit-screenshot","docs\audits\screenshots\current\1280x800-03-cabins.png","assets\anvelia\07-baseline-audit-screenshots\1280x800-03-cabins.png","internal-baseline-evidence","Current-experience audit screenshot."
"baseline-audit-screenshot","docs\audits\screenshots\current\1280x800-04-pavilion.png","assets\anvelia\07-baseline-audit-screenshots\1280x800-04-pavilion.png","internal-baseline-evidence","Current-experience audit screenshot."
"baseline-audit-screenshot","docs\audits\screenshots\current\1280x800-05-garden.png","assets\anvelia\07-baseline-audit-screenshots\1280x800-05-garden.png","internal-baseline-evidence","Current-experience audit screenshot."
"baseline-audit-screenshot","docs\audits\screenshots\current\1280x800-06-rituals.png","assets\anvelia\07-baseline-audit-screenshots\1280x800-06-rituals.png","internal-baseline-evidence","Current-experience audit screenshot."
"baseline-audit-screenshot","docs\audits\screenshots\current\1280x800-07-programs.png","assets\anvelia\07-baseline-audit-screenshots\1280x800-07-programs.png","internal-baseline-evidence","Current-experience audit screenshot."
"baseline-audit-screenshot","docs\audits\screenshots\current\1280x800-08-visit.png","assets\anvelia\07-baseline-audit-screenshots\1280x800-08-visit.png","internal-baseline-evidence","Current-experience audit screenshot."
"baseline-audit-screenshot","docs\audits\screenshots\current\1280x800-09-footer.png","assets\anvelia\07-baseline-audit-screenshots\1280x800-09-footer.png","internal-baseline-evidence","Current-experience audit screenshot."
"baseline-audit-screenshot","docs\audits\screenshots\current\1440x900-01-opening.png","assets\anvelia\07-baseline-audit-screenshots\1440x900-01-opening.png","internal-baseline-evidence","Current-experience audit screenshot."
"baseline-audit-screenshot","docs\audits\screenshots\current\1440x900-02-navigation-open.png","assets\anvelia\07-baseline-audit-screenshots\1440x900-02-navigation-open.png","internal-baseline-evidence","Current-experience audit screenshot."
"baseline-audit-screenshot","docs\audits\screenshots\current\1440x900-03-cabins.png","assets\anvelia\07-baseline-audit-screenshots\1440x900-03-cabins.png","internal-baseline-evidence","Current-experience audit screenshot."
"baseline-audit-screenshot","docs\audits\screenshots\current\1440x900-04-pavilion.png","assets\anvelia\07-baseline-audit-screenshots\1440x900-04-pavilion.png","internal-baseline-evidence","Current-experience audit screenshot."
"baseline-audit-screenshot","docs\audits\screenshots\current\1440x900-05-garden.png","assets\anvelia\07-baseline-audit-screenshots\1440x900-05-garden.png","internal-baseline-evidence","Current-experience audit screenshot."
"baseline-audit-screenshot","docs\audits\screenshots\current\1440x900-06-rituals.png","assets\anvelia\07-baseline-audit-screenshots\1440x900-06-rituals.png","internal-baseline-evidence","Current-experience audit screenshot."
"baseline-audit-screenshot","docs\audits\screenshots\current\1440x900-07-programs.png","assets\anvelia\07-baseline-audit-screenshots\1440x900-07-programs.png","internal-baseline-evidence","Current-experience audit screenshot."
"baseline-audit-screenshot","docs\audits\screenshots\current\1440x900-08-visit.png","assets\anvelia\07-baseline-audit-screenshots\1440x900-08-visit.png","internal-baseline-evidence","Current-experience audit screenshot."
"baseline-audit-screenshot","docs\audits\screenshots\current\1440x900-09-footer.png","assets\anvelia\07-baseline-audit-screenshots\1440x900-09-footer.png","internal-baseline-evidence","Current-experience audit screenshot."
"baseline-audit-screenshot","docs\audits\screenshots\current\390x844-01-opening.png","assets\anvelia\07-baseline-audit-screenshots\390x844-01-opening.png","internal-baseline-evidence","Current-experience audit screenshot."
"baseline-audit-screenshot","docs\audits\screenshots\current\390x844-02-navigation-open.png","assets\anvelia\07-baseline-audit-screenshots\390x844-02-navigation-open.png","internal-baseline-evidence","Current-experience audit screenshot."
"baseline-audit-screenshot","docs\audits\screenshots\current\390x844-03-cabins.png","assets\anvelia\07-baseline-audit-screenshots\390x844-03-cabins.png","internal-baseline-evidence","Current-experience audit screenshot."
"baseline-audit-screenshot","docs\audits\screenshots\current\390x844-04-pavilion.png","assets\anvelia\07-baseline-audit-screenshots\390x844-04-pavilion.png","internal-baseline-evidence","Current-experience audit screenshot."
"baseline-audit-screenshot","docs\audits\screenshots\current\390x844-05-garden.png","assets\anvelia\07-baseline-audit-screenshots\390x844-05-garden.png","internal-baseline-evidence","Current-experience audit screenshot."
"baseline-audit-screenshot","docs\audits\screenshots\current\390x844-06-rituals.png","assets\anvelia\07-baseline-audit-screenshots\390x844-06-rituals.png","internal-baseline-evidence","Current-experience audit screenshot."
"baseline-audit-screenshot","docs\audits\screenshots\current\390x844-07-programs.png","assets\anvelia\07-baseline-audit-screenshots\390x844-07-programs.png","internal-baseline-evidence","Current-experience audit screenshot."
"baseline-audit-screenshot","docs\audits\screenshots\current\390x844-08-visit.png","assets\anvelia\07-baseline-audit-screenshots\390x844-08-visit.png","internal-baseline-evidence","Current-experience audit screenshot."
"baseline-audit-screenshot","docs\audits\screenshots\current\390x844-09-footer.png","assets\anvelia\07-baseline-audit-screenshots\390x844-09-footer.png","internal-baseline-evidence","Current-experience audit screenshot."
"baseline-audit-screenshot","docs\audits\screenshots\current\768x1024-01-opening.png","assets\anvelia\07-baseline-audit-screenshots\768x1024-01-opening.png","internal-baseline-evidence","Current-experience audit screenshot."
"baseline-audit-screenshot","docs\audits\screenshots\current\768x1024-02-navigation-open.png","assets\anvelia\07-baseline-audit-screenshots\768x1024-02-navigation-open.png","internal-baseline-evidence","Current-experience audit screenshot."
"baseline-audit-screenshot","docs\audits\screenshots\current\768x1024-03-cabins.png","assets\anvelia\07-baseline-audit-screenshots\768x1024-03-cabins.png","internal-baseline-evidence","Current-experience audit screenshot."
"baseline-audit-screenshot","docs\audits\screenshots\current\768x1024-04-pavilion.png","assets\anvelia\07-baseline-audit-screenshots\768x1024-04-pavilion.png","internal-baseline-evidence","Current-experience audit screenshot."
"baseline-audit-screenshot","docs\audits\screenshots\current\768x1024-05-garden.png","assets\anvelia\07-baseline-audit-screenshots\768x1024-05-garden.png","internal-baseline-evidence","Current-experience audit screenshot."
"baseline-audit-screenshot","docs\audits\screenshots\current\768x1024-06-rituals.png","assets\anvelia\07-baseline-audit-screenshots\768x1024-06-rituals.png","internal-baseline-evidence","Current-experience audit screenshot."
"baseline-audit-screenshot","docs\audits\screenshots\current\768x1024-07-programs.png","assets\anvelia\07-baseline-audit-screenshots\768x1024-07-programs.png","internal-baseline-evidence","Current-experience audit screenshot."
"baseline-audit-screenshot","docs\audits\screenshots\current\768x1024-08-visit.png","assets\anvelia\07-baseline-audit-screenshots\768x1024-08-visit.png","internal-baseline-evidence","Current-experience audit screenshot."
"baseline-audit-screenshot","docs\audits\screenshots\current\768x1024-09-footer.png","assets\anvelia\07-baseline-audit-screenshots\768x1024-09-footer.png","internal-baseline-evidence","Current-experience audit screenshot."
"brand","Anvelia Logo.jpeg","assets\anvelia\00-brand\Anvelia Logo.jpeg","review-before-production","Root-level brand/logo source copy."
"brand","anvelia-logo-emblem.png","assets\anvelia\00-brand\anvelia-logo-emblem.png","review-before-production","Root-level brand/logo source copy."
"brand","anvelia-opening-logo-hero.png","assets\anvelia\00-brand\anvelia-opening-logo-hero.png","review-before-production","Root-level brand/logo source copy."
"brand","src\assets\logos\Anvelia Logo.jpeg","assets\anvelia\00-brand\Anvelia Logo.jpeg","review-before-production","Runtime logo copy; use only after brand approval."
"brand","src\assets\logos\anvelia-logo-emblem.png","assets\anvelia\00-brand\anvelia-logo-emblem.png","review-before-production","Runtime logo copy; use only after brand approval."
"brand","src\assets\logos\anvelia-logo-emblem-optimized.webp","assets\anvelia\00-brand\anvelia-logo-emblem-optimized.webp","review-before-production","Runtime logo copy; use only after brand approval."
"brand","src\assets\logos\anvelia-opening-logo-hero.png","assets\anvelia\00-brand\anvelia-opening-logo-hero.png","review-before-production","Runtime logo copy; use only after brand approval."
"brand","src\assets\logos\anvelia-opening-logo-hero-optimized.jpg","assets\anvelia\00-brand\anvelia-opening-logo-hero-optimized.jpg","review-before-production","Runtime logo copy; use only after brand approval."
"creative-direction-sheet","outputs\design-directions\anvelia\01-threshold-sequence.png","assets\anvelia\04-creative-direction-sheets\01-threshold-sequence.png","internal-art-direction","Direction sheet; visual planning only, not documentary proof."
"creative-direction-sheet","outputs\design-directions\anvelia\02-mountain-field-notes.png","assets\anvelia\04-creative-direction-sheets\02-mountain-field-notes.png","internal-art-direction","Direction sheet; visual planning only, not documentary proof."
"creative-direction-sheet","outputs\design-directions\anvelia\03-hosted-rhythm.png","assets\anvelia\04-creative-direction-sheets\03-hosted-rhythm.png","internal-art-direction","Direction sheet; visual planning only, not documentary proof."
"current-production-candidate","anvelia-auditorium-hero-v2.png","assets\anvelia\01-current-production-candidates\anvelia-auditorium-hero-v2.png","prototype-or-replace-before-launch","Root-level generated or optimized Anvelia image."
"current-production-candidate","anvelia-auditorium-hero-v2-optimized.jpg","assets\anvelia\01-current-production-candidates\anvelia-auditorium-hero-v2-optimized.jpg","prototype-or-replace-before-launch","Root-level generated or optimized Anvelia image."
"current-production-candidate","anvelia-cabin-hero.png","assets\anvelia\01-current-production-candidates\anvelia-cabin-hero.png","prototype-or-replace-before-launch","Root-level generated or optimized Anvelia image."
"current-production-candidate","anvelia-cabin-hero-optimized.jpg","assets\anvelia\01-current-production-candidates\anvelia-cabin-hero-optimized.jpg","prototype-or-replace-before-launch","Root-level generated or optimized Anvelia image."
"current-production-candidate","anvelia-farm-to-table-hero.png","assets\anvelia\01-current-production-candidates\anvelia-farm-to-table-hero.png","prototype-or-replace-before-launch","Root-level generated or optimized Anvelia image."
"current-production-candidate","anvelia-farm-to-table-hero-optimized.jpg","assets\anvelia\01-current-production-candidates\anvelia-farm-to-table-hero-optimized.jpg","prototype-or-replace-before-launch","Root-level generated or optimized Anvelia image."
"current-production-candidate","anvelia-hero-banner.png","assets\anvelia\01-current-production-candidates\anvelia-hero-banner.png","prototype-or-replace-before-launch","Root-level generated or optimized Anvelia image."
"current-production-candidate","anvelia-hero-banner-optimized.jpg","assets\anvelia\01-current-production-candidates\anvelia-hero-banner-optimized.jpg","prototype-or-replace-before-launch","Root-level generated or optimized Anvelia image."
"current-production-candidate","anvelia-mist-forest-transition.png","assets\anvelia\01-current-production-candidates\anvelia-mist-forest-transition.png","prototype-or-replace-before-launch","Root-level generated or optimized Anvelia image."
"current-production-candidate","anvelia-mist-forest-transition-optimized.jpg","assets\anvelia\01-current-production-candidates\anvelia-mist-forest-transition-optimized.jpg","superseded-reference-only","Former Task 9.3 Visit atmosphere; retained only as historical reference after the arrival-path direction was approved. Concept visual only."
"current-production-candidate","anvelia-ritual-hot-spring-therapy-v1.png","assets\anvelia\01-current-production-candidates\anvelia-ritual-hot-spring-therapy-v1.png","prototype-or-replace-before-launch","Root-level generated or optimized Anvelia image."
"current-production-candidate","anvelia-ritual-hot-spring-therapy-v1-optimized.jpg","assets\anvelia\01-current-production-candidates\anvelia-ritual-hot-spring-therapy-v1-optimized.jpg","prototype-or-replace-before-launch","Root-level generated or optimized Anvelia image."
"current-production-candidate","anvelia-ritual-liver-program-v1.png","assets\anvelia\01-current-production-candidates\anvelia-ritual-liver-program-v1.png","prototype-or-replace-before-launch","Root-level generated or optimized Anvelia image."
"current-production-candidate","anvelia-ritual-liver-program-v1-optimized.jpg","assets\anvelia\01-current-production-candidates\anvelia-ritual-liver-program-v1-optimized.jpg","prototype-or-replace-before-launch","Root-level generated or optimized Anvelia image."
"current-production-candidate","anvelia-ritual-nutrition-coaching-v1.png","assets\anvelia\01-current-production-candidates\anvelia-ritual-nutrition-coaching-v1.png","prototype-or-replace-before-launch","Root-level generated or optimized Anvelia image."
"current-production-candidate","anvelia-ritual-nutrition-coaching-v1-optimized.jpg","assets\anvelia\01-current-production-candidates\anvelia-ritual-nutrition-coaching-v1-optimized.jpg","prototype-or-replace-before-launch","Root-level generated or optimized Anvelia image."
"current-production-candidate","anvelia-ritual-river-walk-v1.png","assets\anvelia\01-current-production-candidates\anvelia-ritual-river-walk-v1.png","prototype-or-replace-before-launch","Root-level generated or optimized Anvelia image."
"current-production-candidate","anvelia-ritual-river-walk-v1-optimized.jpg","assets\anvelia\01-current-production-candidates\anvelia-ritual-river-walk-v1-optimized.jpg","prototype-or-replace-before-launch","Root-level generated or optimized Anvelia image."
"current-production-candidate","anvelia-ritual-sharing-circle-v1.png","assets\anvelia\01-current-production-candidates\anvelia-ritual-sharing-circle-v1.png","prototype-or-replace-before-launch","Root-level generated or optimized Anvelia image."
"current-production-candidate","anvelia-ritual-sharing-circle-v1-optimized.jpg","assets\anvelia\01-current-production-candidates\anvelia-ritual-sharing-circle-v1-optimized.jpg","prototype-or-replace-before-launch","Root-level generated or optimized Anvelia image."
"current-production-candidate","anvelia-sanctuary-background-v1.png","assets\anvelia\01-current-production-candidates\anvelia-sanctuary-background-v1.png","prototype-or-replace-before-launch","Root-level generated or optimized Anvelia image."
"current-production-candidate","src\assets\images\anvelia-auditorium-hero-v2-optimized.jpg","assets\anvelia\01-current-production-candidates\anvelia-auditorium-hero-v2-optimized.jpg","prototype-or-replace-before-launch","Runtime image candidate currently available in src/assets/images."
"current-production-candidate","src\assets\images\anvelia-cabin-hero-optimized.jpg","assets\anvelia\01-current-production-candidates\anvelia-cabin-hero-optimized.jpg","prototype-or-replace-before-launch","Runtime image candidate currently available in src/assets/images."
"current-production-candidate","src\assets\images\anvelia-farm-to-table-hero-optimized.jpg","assets\anvelia\01-current-production-candidates\anvelia-farm-to-table-hero-optimized.jpg","prototype-or-replace-before-launch","Runtime image candidate currently available in src/assets/images."
"current-production-candidate","src\assets\images\anvelia-hero-banner-optimized.jpg","assets\anvelia\01-current-production-candidates\anvelia-hero-banner-optimized.jpg","prototype-or-replace-before-launch","Runtime image candidate currently available in src/assets/images."
"current-production-candidate","src\assets\images\anvelia-mist-forest-transition-optimized.jpg","assets\anvelia\01-current-production-candidates\anvelia-mist-forest-transition-optimized.jpg","prototype-or-replace-before-launch","Runtime image candidate currently available in src/assets/images."
"current-production-candidate","src\assets\images\anvelia-ritual-hot-spring-therapy-v1-optimized.jpg","assets\anvelia\01-current-production-candidates\anvelia-ritual-hot-spring-therapy-v1-optimized.jpg","prototype-or-replace-before-launch","Runtime image candidate currently available in src/assets/images."
"current-production-candidate","src\assets\images\anvelia-ritual-nutrition-coaching-v1-optimized.jpg","assets\anvelia\01-current-production-candidates\anvelia-ritual-nutrition-coaching-v1-optimized.jpg","prototype-or-replace-before-launch","Runtime image candidate currently available in src/assets/images."
"current-production-candidate","src\assets\images\anvelia-ritual-river-walk-v1-optimized.jpg","assets\anvelia\01-current-production-candidates\anvelia-ritual-river-walk-v1-optimized.jpg","prototype-or-replace-before-launch","Runtime image candidate currently available in src/assets/images."
"current-production-candidate","src\assets\images\anvelia-ritual-sharing-circle-v1-optimized.jpg","assets\anvelia\01-current-production-candidates\anvelia-ritual-sharing-circle-v1-optimized.jpg","prototype-or-replace-before-launch","Runtime image candidate currently available in src/assets/images."
"current-production-candidate","src\assets\images\anvelia-sanctuary-background-v1-optimized.jpg","assets\anvelia\01-current-production-candidates\anvelia-sanctuary-background-v1-optimized.jpg","phase-1-runtime-concept","Active Phase 1 Place source; concept visual only, not documentary proof of an exact view, landscape, or facility."
"moodboard-full-generated","outputs\moodboards\anvelia-world-class\board\generated\01b0eab1ba8f84eca02cd6873ce04d44.png","assets\anvelia\05-moodboard-full-generated\01b0eab1ba8f84eca02cd6873ce04d44.png","internal-art-direction","Generated moodboard source; not documentary proof."
"moodboard-full-generated","outputs\moodboards\anvelia-world-class\board\generated\11cd194177999199a69b5ffffa2c1d9a.png","assets\anvelia\05-moodboard-full-generated\11cd194177999199a69b5ffffa2c1d9a.png","internal-art-direction","Generated moodboard source; not documentary proof."
"moodboard-full-generated","outputs\moodboards\anvelia-world-class\board\generated\18b0de2ffb013673f63cdebb56c99f3b.png","assets\anvelia\05-moodboard-full-generated\18b0de2ffb013673f63cdebb56c99f3b.png","internal-art-direction","Generated moodboard source; not documentary proof."
"moodboard-full-generated","outputs\moodboards\anvelia-world-class\board\generated\1e9cb287c0a614525a1e40cc791763af.png","assets\anvelia\05-moodboard-full-generated\1e9cb287c0a614525a1e40cc791763af.png","internal-art-direction","Generated moodboard source; not documentary proof."
"moodboard-full-generated","outputs\moodboards\anvelia-world-class\board\generated\3de9b44a6e30d331c6e5c97c05a8d461.png","assets\anvelia\05-moodboard-full-generated\3de9b44a6e30d331c6e5c97c05a8d461.png","internal-art-direction","Generated moodboard source; not documentary proof."
"moodboard-full-generated","outputs\moodboards\anvelia-world-class\board\generated\7f9150d30e173338497bbdcbfee70dda.png","assets\anvelia\05-moodboard-full-generated\7f9150d30e173338497bbdcbfee70dda.png","internal-art-direction","Generated moodboard source; not documentary proof."
"moodboard-full-generated","outputs\moodboards\anvelia-world-class\board\generated\85d9df55590662dfe49d320435cb3da6.png","assets\anvelia\05-moodboard-full-generated\85d9df55590662dfe49d320435cb3da6.png","internal-art-direction","Generated moodboard source; not documentary proof."
"moodboard-full-generated","outputs\moodboards\anvelia-world-class\board\generated\8bfd17f7e0f1f4c204d84438f5da15d4.png","assets\anvelia\05-moodboard-full-generated\8bfd17f7e0f1f4c204d84438f5da15d4.png","internal-art-direction","Generated moodboard source; not documentary proof."
"moodboard-full-generated","outputs\moodboards\anvelia-world-class\board\generated\8c1d33eb811228ea498775e10b6a50c1.png","assets\anvelia\05-moodboard-full-generated\8c1d33eb811228ea498775e10b6a50c1.png","internal-art-direction","Generated moodboard source; not documentary proof."
"moodboard-full-generated","outputs\moodboards\anvelia-world-class\board\generated\ada4bd85b0e06b3df7c9768eb1d223c3.png","assets\anvelia\05-moodboard-full-generated\ada4bd85b0e06b3df7c9768eb1d223c3.png","internal-art-direction","Generated moodboard source; not documentary proof."
"moodboard-full-generated","outputs\moodboards\anvelia-world-class\board\generated\d3c7dd984770a7708476cdd64aa047db.png","assets\anvelia\05-moodboard-full-generated\d3c7dd984770a7708476cdd64aa047db.png","internal-art-direction","Generated moodboard source; not documentary proof."
"moodboard-full-generated","outputs\moodboards\anvelia-world-class\board\generated\d587111882e57373a314eb123bcc68d4.png","assets\anvelia\05-moodboard-full-generated\d587111882e57373a314eb123bcc68d4.png","internal-art-direction","Generated moodboard source; not documentary proof."
"moodboard-thumbnail-mcp","outputs\moodboards\anvelia-world-class\board\generated\mcp-thumbs\cinematic-dawn-cultivation.jpg","assets\anvelia\06-moodboard-thumbnails-mcp\cinematic-dawn-cultivation.jpg","internal-art-direction-thumbnail","MCP thumbnail for moodboard review."
"moodboard-thumbnail-mcp","outputs\moodboards\anvelia-world-class\board\generated\mcp-thumbs\cinematic-evening-host.jpg","assets\anvelia\06-moodboard-thumbnails-mcp\cinematic-evening-host.jpg","internal-art-direction-thumbnail","MCP thumbnail for moodboard review."
"moodboard-thumbnail-mcp","outputs\moodboards\anvelia-world-class\board\generated\mcp-thumbs\cinematic-kitchen-hands.jpg","assets\anvelia\06-moodboard-thumbnails-mcp\cinematic-kitchen-hands.jpg","internal-art-direction-thumbnail","MCP thumbnail for moodboard review."
"moodboard-thumbnail-mcp","outputs\moodboards\anvelia-world-class\board\generated\mcp-thumbs\cinematic-rain-walk.jpg","assets\anvelia\06-moodboard-thumbnails-mcp\cinematic-rain-walk.jpg","internal-art-direction-thumbnail","MCP thumbnail for moodboard review."
"moodboard-thumbnail-mcp","outputs\moodboards\anvelia-world-class\board\generated\mcp-thumbs\editorial-architecture-crop.jpg","assets\anvelia\06-moodboard-thumbnails-mcp\editorial-architecture-crop.jpg","internal-art-direction-thumbnail","MCP thumbnail for moodboard review."
"moodboard-thumbnail-mcp","outputs\moodboards\anvelia-world-class\board\generated\mcp-thumbs\editorial-food-still-life.jpg","assets\anvelia\06-moodboard-thumbnails-mcp\editorial-food-still-life.jpg","internal-art-direction-thumbnail","MCP thumbnail for moodboard review."
"moodboard-thumbnail-mcp","outputs\moodboards\anvelia-world-class\board\generated\mcp-thumbs\editorial-host-portrait.jpg","assets\anvelia\06-moodboard-thumbnails-mcp\editorial-host-portrait.jpg","internal-art-direction-thumbnail","MCP thumbnail for moodboard review."
"moodboard-thumbnail-mcp","outputs\moodboards\anvelia-world-class\board\generated\mcp-thumbs\editorial-rain-material-grid.jpg","assets\anvelia\06-moodboard-thumbnails-mcp\editorial-rain-material-grid.jpg","internal-art-direction-thumbnail","MCP thumbnail for moodboard review."
"moodboard-thumbnail-mcp","outputs\moodboards\anvelia-world-class\board\generated\mcp-thumbs\vernacular-rain-threshold.jpg","assets\anvelia\06-moodboard-thumbnails-mcp\vernacular-rain-threshold.jpg","internal-art-direction-thumbnail","MCP thumbnail for moodboard review."
"moodboard-thumbnail-mcp","outputs\moodboards\anvelia-world-class\board\generated\mcp-thumbs\vernacular-shared-table.jpg","assets\anvelia\06-moodboard-thumbnails-mcp\vernacular-shared-table.jpg","internal-art-direction-thumbnail","MCP thumbnail for moodboard review."
"moodboard-thumbnail-mcp","outputs\moodboards\anvelia-world-class\board\generated\mcp-thumbs\vernacular-timber-craft.jpg","assets\anvelia\06-moodboard-thumbnails-mcp\vernacular-timber-craft.jpg","internal-art-direction-thumbnail","MCP thumbnail for moodboard review."
"moodboard-thumbnail-mcp","outputs\moodboards\anvelia-world-class\board\generated\mcp-thumbs\vernacular-water-stone.jpg","assets\anvelia\06-moodboard-thumbnails-mcp\vernacular-water-stone.jpg","internal-art-direction-thumbnail","MCP thumbnail for moodboard review."
"public-icon-social","public\apple-touch-icon.png","assets\anvelia\03-public-icons-and-social\apple-touch-icon.png","runtime-public-review-before-production","Public favicon, icon, or social image."
"public-icon-social","public\favicon-32.png","assets\anvelia\03-public-icons-and-social\favicon-32.png","runtime-public-review-before-production","Public favicon, icon, or social image."
"public-icon-social","public\icon-192.png","assets\anvelia\03-public-icons-and-social\icon-192.png","runtime-public-review-before-production","Public favicon, icon, or social image."
"public-icon-social","public\icon-512.png","assets\anvelia\03-public-icons-and-social\icon-512.png","runtime-public-review-before-production","Public favicon, icon, or social image."
"public-icon-social","public\og-anvelia-hero.jpg","assets\anvelia\03-public-icons-and-social\og-anvelia-hero.jpg","superseded-not-shipped","Former social image removed from the production bundle because its broad cabin estate implied unconfirmed scale."
"public-social-image","assets\anvelia\01-current-production-candidates\anvelia-arrival-threshold-hero-concept-optimized.jpg","public\og-anvelia-threshold.jpg","phase-1-runtime-concept","Active Phase 1 Open Graph delivery of the approved threshold Hero source; concept visual only, not documentary proof of an exact view or facility."
"responsive-derivative","src\assets\images\responsive\anvelia-auditorium-hero-v2-optimized-1280.avif","assets\anvelia\02-responsive-derivatives\anvelia-auditorium-hero-v2-optimized-1280.avif","runtime-derivative-review-before-production","Responsive derivative; generated from a runtime candidate."
"responsive-derivative","src\assets\images\responsive\anvelia-auditorium-hero-v2-optimized-1280.jpg","assets\anvelia\02-responsive-derivatives\anvelia-auditorium-hero-v2-optimized-1280.jpg","runtime-derivative-review-before-production","Responsive derivative; generated from a runtime candidate."
"responsive-derivative","src\assets\images\responsive\anvelia-auditorium-hero-v2-optimized-1280.webp","assets\anvelia\02-responsive-derivatives\anvelia-auditorium-hero-v2-optimized-1280.webp","runtime-derivative-review-before-production","Responsive derivative; generated from a runtime candidate."
"responsive-derivative","src\assets\images\responsive\anvelia-auditorium-hero-v2-optimized-1672.avif","assets\anvelia\02-responsive-derivatives\anvelia-auditorium-hero-v2-optimized-1672.avif","runtime-derivative-review-before-production","Responsive derivative; generated from a runtime candidate."
"responsive-derivative","src\assets\images\responsive\anvelia-auditorium-hero-v2-optimized-1672.jpg","assets\anvelia\02-responsive-derivatives\anvelia-auditorium-hero-v2-optimized-1672.jpg","runtime-derivative-review-before-production","Responsive derivative; generated from a runtime candidate."
"responsive-derivative","src\assets\images\responsive\anvelia-auditorium-hero-v2-optimized-1672.webp","assets\anvelia\02-responsive-derivatives\anvelia-auditorium-hero-v2-optimized-1672.webp","runtime-derivative-review-before-production","Responsive derivative; generated from a runtime candidate."
"responsive-derivative","src\assets\images\responsive\anvelia-auditorium-hero-v2-optimized-640.avif","assets\anvelia\02-responsive-derivatives\anvelia-auditorium-hero-v2-optimized-640.avif","runtime-derivative-review-before-production","Responsive derivative; generated from a runtime candidate."
"responsive-derivative","src\assets\images\responsive\anvelia-auditorium-hero-v2-optimized-640.jpg","assets\anvelia\02-responsive-derivatives\anvelia-auditorium-hero-v2-optimized-640.jpg","runtime-derivative-review-before-production","Responsive derivative; generated from a runtime candidate."
"responsive-derivative","src\assets\images\responsive\anvelia-auditorium-hero-v2-optimized-640.webp","assets\anvelia\02-responsive-derivatives\anvelia-auditorium-hero-v2-optimized-640.webp","runtime-derivative-review-before-production","Responsive derivative; generated from a runtime candidate."
"responsive-derivative","src\assets\images\responsive\anvelia-auditorium-hero-v2-optimized-960.avif","assets\anvelia\02-responsive-derivatives\anvelia-auditorium-hero-v2-optimized-960.avif","runtime-derivative-review-before-production","Responsive derivative; generated from a runtime candidate."
"responsive-derivative","src\assets\images\responsive\anvelia-auditorium-hero-v2-optimized-960.jpg","assets\anvelia\02-responsive-derivatives\anvelia-auditorium-hero-v2-optimized-960.jpg","runtime-derivative-review-before-production","Responsive derivative; generated from a runtime candidate."
"responsive-derivative","src\assets\images\responsive\anvelia-auditorium-hero-v2-optimized-960.webp","assets\anvelia\02-responsive-derivatives\anvelia-auditorium-hero-v2-optimized-960.webp","runtime-derivative-review-before-production","Responsive derivative; generated from a runtime candidate."
"responsive-derivative","src\assets\images\responsive\anvelia-cabin-hero-optimized-1280.avif","assets\anvelia\02-responsive-derivatives\anvelia-cabin-hero-optimized-1280.avif","runtime-derivative-review-before-production","Responsive derivative; generated from a runtime candidate."
"responsive-derivative","src\assets\images\responsive\anvelia-cabin-hero-optimized-1280.jpg","assets\anvelia\02-responsive-derivatives\anvelia-cabin-hero-optimized-1280.jpg","runtime-derivative-review-before-production","Responsive derivative; generated from a runtime candidate."
"responsive-derivative","src\assets\images\responsive\anvelia-cabin-hero-optimized-1280.webp","assets\anvelia\02-responsive-derivatives\anvelia-cabin-hero-optimized-1280.webp","runtime-derivative-review-before-production","Responsive derivative; generated from a runtime candidate."
"responsive-derivative","src\assets\images\responsive\anvelia-cabin-hero-optimized-1672.avif","assets\anvelia\02-responsive-derivatives\anvelia-cabin-hero-optimized-1672.avif","runtime-derivative-review-before-production","Responsive derivative; generated from a runtime candidate."
"responsive-derivative","src\assets\images\responsive\anvelia-cabin-hero-optimized-1672.jpg","assets\anvelia\02-responsive-derivatives\anvelia-cabin-hero-optimized-1672.jpg","runtime-derivative-review-before-production","Responsive derivative; generated from a runtime candidate."
"responsive-derivative","src\assets\images\responsive\anvelia-cabin-hero-optimized-1672.webp","assets\anvelia\02-responsive-derivatives\anvelia-cabin-hero-optimized-1672.webp","runtime-derivative-review-before-production","Responsive derivative; generated from a runtime candidate."
"responsive-derivative","src\assets\images\responsive\anvelia-cabin-hero-optimized-640.avif","assets\anvelia\02-responsive-derivatives\anvelia-cabin-hero-optimized-640.avif","runtime-derivative-review-before-production","Responsive derivative; generated from a runtime candidate."
"responsive-derivative","src\assets\images\responsive\anvelia-cabin-hero-optimized-640.jpg","assets\anvelia\02-responsive-derivatives\anvelia-cabin-hero-optimized-640.jpg","runtime-derivative-review-before-production","Responsive derivative; generated from a runtime candidate."
"responsive-derivative","src\assets\images\responsive\anvelia-cabin-hero-optimized-640.webp","assets\anvelia\02-responsive-derivatives\anvelia-cabin-hero-optimized-640.webp","runtime-derivative-review-before-production","Responsive derivative; generated from a runtime candidate."
"responsive-derivative","src\assets\images\responsive\anvelia-cabin-hero-optimized-960.avif","assets\anvelia\02-responsive-derivatives\anvelia-cabin-hero-optimized-960.avif","runtime-derivative-review-before-production","Responsive derivative; generated from a runtime candidate."
"responsive-derivative","src\assets\images\responsive\anvelia-cabin-hero-optimized-960.jpg","assets\anvelia\02-responsive-derivatives\anvelia-cabin-hero-optimized-960.jpg","runtime-derivative-review-before-production","Responsive derivative; generated from a runtime candidate."
"responsive-derivative","src\assets\images\responsive\anvelia-cabin-hero-optimized-960.webp","assets\anvelia\02-responsive-derivatives\anvelia-cabin-hero-optimized-960.webp","runtime-derivative-review-before-production","Responsive derivative; generated from a runtime candidate."
"responsive-derivative","src\assets\images\responsive\anvelia-farm-to-table-hero-optimized-1280.avif","assets\anvelia\02-responsive-derivatives\anvelia-farm-to-table-hero-optimized-1280.avif","runtime-derivative-review-before-production","Responsive derivative; generated from a runtime candidate."
"responsive-derivative","src\assets\images\responsive\anvelia-farm-to-table-hero-optimized-1280.jpg","assets\anvelia\02-responsive-derivatives\anvelia-farm-to-table-hero-optimized-1280.jpg","runtime-derivative-review-before-production","Responsive derivative; generated from a runtime candidate."
"responsive-derivative","src\assets\images\responsive\anvelia-farm-to-table-hero-optimized-1280.webp","assets\anvelia\02-responsive-derivatives\anvelia-farm-to-table-hero-optimized-1280.webp","runtime-derivative-review-before-production","Responsive derivative; generated from a runtime candidate."
"responsive-derivative","src\assets\images\responsive\anvelia-farm-to-table-hero-optimized-1672.avif","assets\anvelia\02-responsive-derivatives\anvelia-farm-to-table-hero-optimized-1672.avif","runtime-derivative-review-before-production","Responsive derivative; generated from a runtime candidate."
"responsive-derivative","src\assets\images\responsive\anvelia-farm-to-table-hero-optimized-1672.jpg","assets\anvelia\02-responsive-derivatives\anvelia-farm-to-table-hero-optimized-1672.jpg","runtime-derivative-review-before-production","Responsive derivative; generated from a runtime candidate."
"responsive-derivative","src\assets\images\responsive\anvelia-farm-to-table-hero-optimized-1672.webp","assets\anvelia\02-responsive-derivatives\anvelia-farm-to-table-hero-optimized-1672.webp","runtime-derivative-review-before-production","Responsive derivative; generated from a runtime candidate."
"responsive-derivative","src\assets\images\responsive\anvelia-farm-to-table-hero-optimized-640.avif","assets\anvelia\02-responsive-derivatives\anvelia-farm-to-table-hero-optimized-640.avif","runtime-derivative-review-before-production","Responsive derivative; generated from a runtime candidate."
"responsive-derivative","src\assets\images\responsive\anvelia-farm-to-table-hero-optimized-640.jpg","assets\anvelia\02-responsive-derivatives\anvelia-farm-to-table-hero-optimized-640.jpg","runtime-derivative-review-before-production","Responsive derivative; generated from a runtime candidate."
"responsive-derivative","src\assets\images\responsive\anvelia-farm-to-table-hero-optimized-640.webp","assets\anvelia\02-responsive-derivatives\anvelia-farm-to-table-hero-optimized-640.webp","runtime-derivative-review-before-production","Responsive derivative; generated from a runtime candidate."
"responsive-derivative","src\assets\images\responsive\anvelia-farm-to-table-hero-optimized-960.avif","assets\anvelia\02-responsive-derivatives\anvelia-farm-to-table-hero-optimized-960.avif","runtime-derivative-review-before-production","Responsive derivative; generated from a runtime candidate."
"responsive-derivative","src\assets\images\responsive\anvelia-farm-to-table-hero-optimized-960.jpg","assets\anvelia\02-responsive-derivatives\anvelia-farm-to-table-hero-optimized-960.jpg","runtime-derivative-review-before-production","Responsive derivative; generated from a runtime candidate."
"responsive-derivative","src\assets\images\responsive\anvelia-farm-to-table-hero-optimized-960.webp","assets\anvelia\02-responsive-derivatives\anvelia-farm-to-table-hero-optimized-960.webp","runtime-derivative-review-before-production","Responsive derivative; generated from a runtime candidate."
"responsive-derivative","src\assets\images\responsive\anvelia-hero-banner-optimized-1280.avif","assets\anvelia\02-responsive-derivatives\anvelia-hero-banner-optimized-1280.avif","runtime-derivative-review-before-production","Responsive derivative; generated from a runtime candidate."
"responsive-derivative","src\assets\images\responsive\anvelia-hero-banner-optimized-1280.jpg","assets\anvelia\02-responsive-derivatives\anvelia-hero-banner-optimized-1280.jpg","runtime-derivative-review-before-production","Responsive derivative; generated from a runtime candidate."
"responsive-derivative","src\assets\images\responsive\anvelia-hero-banner-optimized-1280.webp","assets\anvelia\02-responsive-derivatives\anvelia-hero-banner-optimized-1280.webp","runtime-derivative-review-before-production","Responsive derivative; generated from a runtime candidate."
"responsive-derivative","src\assets\images\responsive\anvelia-hero-banner-optimized-1672.avif","assets\anvelia\02-responsive-derivatives\anvelia-hero-banner-optimized-1672.avif","runtime-derivative-review-before-production","Responsive derivative; generated from a runtime candidate."
"responsive-derivative","src\assets\images\responsive\anvelia-hero-banner-optimized-1672.jpg","assets\anvelia\02-responsive-derivatives\anvelia-hero-banner-optimized-1672.jpg","runtime-derivative-review-before-production","Responsive derivative; generated from a runtime candidate."
"responsive-derivative","src\assets\images\responsive\anvelia-hero-banner-optimized-1672.webp","assets\anvelia\02-responsive-derivatives\anvelia-hero-banner-optimized-1672.webp","runtime-derivative-review-before-production","Responsive derivative; generated from a runtime candidate."
"responsive-derivative","src\assets\images\responsive\anvelia-hero-banner-optimized-640.avif","assets\anvelia\02-responsive-derivatives\anvelia-hero-banner-optimized-640.avif","runtime-derivative-review-before-production","Responsive derivative; generated from a runtime candidate."
"responsive-derivative","src\assets\images\responsive\anvelia-hero-banner-optimized-640.jpg","assets\anvelia\02-responsive-derivatives\anvelia-hero-banner-optimized-640.jpg","runtime-derivative-review-before-production","Responsive derivative; generated from a runtime candidate."
"responsive-derivative","src\assets\images\responsive\anvelia-hero-banner-optimized-640.webp","assets\anvelia\02-responsive-derivatives\anvelia-hero-banner-optimized-640.webp","runtime-derivative-review-before-production","Responsive derivative; generated from a runtime candidate."
"responsive-derivative","src\assets\images\responsive\anvelia-hero-banner-optimized-960.avif","assets\anvelia\02-responsive-derivatives\anvelia-hero-banner-optimized-960.avif","runtime-derivative-review-before-production","Responsive derivative; generated from a runtime candidate."
"responsive-derivative","src\assets\images\responsive\anvelia-hero-banner-optimized-960.jpg","assets\anvelia\02-responsive-derivatives\anvelia-hero-banner-optimized-960.jpg","runtime-derivative-review-before-production","Responsive derivative; generated from a runtime candidate."
"responsive-derivative","src\assets\images\responsive\anvelia-hero-banner-optimized-960.webp","assets\anvelia\02-responsive-derivatives\anvelia-hero-banner-optimized-960.webp","runtime-derivative-review-before-production","Responsive derivative; generated from a runtime candidate."
"responsive-derivative","src\assets\images\responsive\anvelia-mist-forest-transition-optimized-1280.avif","assets\anvelia\02-responsive-derivatives\anvelia-mist-forest-transition-optimized-1280.avif","runtime-derivative-review-before-production","Responsive derivative; generated from a runtime candidate."
"responsive-derivative","src\assets\images\responsive\anvelia-mist-forest-transition-optimized-1280.jpg","assets\anvelia\02-responsive-derivatives\anvelia-mist-forest-transition-optimized-1280.jpg","runtime-derivative-review-before-production","Responsive derivative; generated from a runtime candidate."
"responsive-derivative","src\assets\images\responsive\anvelia-mist-forest-transition-optimized-1280.webp","assets\anvelia\02-responsive-derivatives\anvelia-mist-forest-transition-optimized-1280.webp","runtime-derivative-review-before-production","Responsive derivative; generated from a runtime candidate."
"responsive-derivative","src\assets\images\responsive\anvelia-mist-forest-transition-optimized-1672.avif","assets\anvelia\02-responsive-derivatives\anvelia-mist-forest-transition-optimized-1672.avif","runtime-derivative-review-before-production","Responsive derivative; generated from a runtime candidate."
"responsive-derivative","src\assets\images\responsive\anvelia-mist-forest-transition-optimized-1672.jpg","assets\anvelia\02-responsive-derivatives\anvelia-mist-forest-transition-optimized-1672.jpg","runtime-derivative-review-before-production","Responsive derivative; generated from a runtime candidate."
"responsive-derivative","src\assets\images\responsive\anvelia-mist-forest-transition-optimized-1672.webp","assets\anvelia\02-responsive-derivatives\anvelia-mist-forest-transition-optimized-1672.webp","runtime-derivative-review-before-production","Responsive derivative; generated from a runtime candidate."
"responsive-derivative","src\assets\images\responsive\anvelia-mist-forest-transition-optimized-640.avif","assets\anvelia\02-responsive-derivatives\anvelia-mist-forest-transition-optimized-640.avif","runtime-derivative-review-before-production","Responsive derivative; generated from a runtime candidate."
"responsive-derivative","src\assets\images\responsive\anvelia-mist-forest-transition-optimized-640.jpg","assets\anvelia\02-responsive-derivatives\anvelia-mist-forest-transition-optimized-640.jpg","runtime-derivative-review-before-production","Responsive derivative; generated from a runtime candidate."
"responsive-derivative","src\assets\images\responsive\anvelia-mist-forest-transition-optimized-640.webp","assets\anvelia\02-responsive-derivatives\anvelia-mist-forest-transition-optimized-640.webp","runtime-derivative-review-before-production","Responsive derivative; generated from a runtime candidate."
"responsive-derivative","src\assets\images\responsive\anvelia-mist-forest-transition-optimized-960.avif","assets\anvelia\02-responsive-derivatives\anvelia-mist-forest-transition-optimized-960.avif","runtime-derivative-review-before-production","Responsive derivative; generated from a runtime candidate."
"responsive-derivative","src\assets\images\responsive\anvelia-mist-forest-transition-optimized-960.jpg","assets\anvelia\02-responsive-derivatives\anvelia-mist-forest-transition-optimized-960.jpg","runtime-derivative-review-before-production","Responsive derivative; generated from a runtime candidate."
"responsive-derivative","src\assets\images\responsive\anvelia-mist-forest-transition-optimized-960.webp","assets\anvelia\02-responsive-derivatives\anvelia-mist-forest-transition-optimized-960.webp","runtime-derivative-review-before-production","Responsive derivative; generated from a runtime candidate."
"responsive-derivative","src\assets\images\responsive\anvelia-ritual-hot-spring-therapy-v1-optimized-1280.avif","assets\anvelia\02-responsive-derivatives\anvelia-ritual-hot-spring-therapy-v1-optimized-1280.avif","runtime-derivative-review-before-production","Responsive derivative; generated from a runtime candidate."
"responsive-derivative","src\assets\images\responsive\anvelia-ritual-hot-spring-therapy-v1-optimized-1280.jpg","assets\anvelia\02-responsive-derivatives\anvelia-ritual-hot-spring-therapy-v1-optimized-1280.jpg","runtime-derivative-review-before-production","Responsive derivative; generated from a runtime candidate."
"responsive-derivative","src\assets\images\responsive\anvelia-ritual-hot-spring-therapy-v1-optimized-1280.webp","assets\anvelia\02-responsive-derivatives\anvelia-ritual-hot-spring-therapy-v1-optimized-1280.webp","runtime-derivative-review-before-production","Responsive derivative; generated from a runtime candidate."
"responsive-derivative","src\assets\images\responsive\anvelia-ritual-hot-spring-therapy-v1-optimized-1672.avif","assets\anvelia\02-responsive-derivatives\anvelia-ritual-hot-spring-therapy-v1-optimized-1672.avif","runtime-derivative-review-before-production","Responsive derivative; generated from a runtime candidate."
"responsive-derivative","src\assets\images\responsive\anvelia-ritual-hot-spring-therapy-v1-optimized-1672.jpg","assets\anvelia\02-responsive-derivatives\anvelia-ritual-hot-spring-therapy-v1-optimized-1672.jpg","runtime-derivative-review-before-production","Responsive derivative; generated from a runtime candidate."
"responsive-derivative","src\assets\images\responsive\anvelia-ritual-hot-spring-therapy-v1-optimized-1672.webp","assets\anvelia\02-responsive-derivatives\anvelia-ritual-hot-spring-therapy-v1-optimized-1672.webp","runtime-derivative-review-before-production","Responsive derivative; generated from a runtime candidate."
"responsive-derivative","src\assets\images\responsive\anvelia-ritual-hot-spring-therapy-v1-optimized-640.avif","assets\anvelia\02-responsive-derivatives\anvelia-ritual-hot-spring-therapy-v1-optimized-640.avif","runtime-derivative-review-before-production","Responsive derivative; generated from a runtime candidate."
"responsive-derivative","src\assets\images\responsive\anvelia-ritual-hot-spring-therapy-v1-optimized-640.jpg","assets\anvelia\02-responsive-derivatives\anvelia-ritual-hot-spring-therapy-v1-optimized-640.jpg","runtime-derivative-review-before-production","Responsive derivative; generated from a runtime candidate."
"responsive-derivative","src\assets\images\responsive\anvelia-ritual-hot-spring-therapy-v1-optimized-640.webp","assets\anvelia\02-responsive-derivatives\anvelia-ritual-hot-spring-therapy-v1-optimized-640.webp","runtime-derivative-review-before-production","Responsive derivative; generated from a runtime candidate."
"responsive-derivative","src\assets\images\responsive\anvelia-ritual-hot-spring-therapy-v1-optimized-960.avif","assets\anvelia\02-responsive-derivatives\anvelia-ritual-hot-spring-therapy-v1-optimized-960.avif","runtime-derivative-review-before-production","Responsive derivative; generated from a runtime candidate."
"responsive-derivative","src\assets\images\responsive\anvelia-ritual-hot-spring-therapy-v1-optimized-960.jpg","assets\anvelia\02-responsive-derivatives\anvelia-ritual-hot-spring-therapy-v1-optimized-960.jpg","runtime-derivative-review-before-production","Responsive derivative; generated from a runtime candidate."
"responsive-derivative","src\assets\images\responsive\anvelia-ritual-hot-spring-therapy-v1-optimized-960.webp","assets\anvelia\02-responsive-derivatives\anvelia-ritual-hot-spring-therapy-v1-optimized-960.webp","runtime-derivative-review-before-production","Responsive derivative; generated from a runtime candidate."
"responsive-derivative","src\assets\images\responsive\anvelia-ritual-nutrition-coaching-v1-optimized-1280.avif","assets\anvelia\02-responsive-derivatives\anvelia-ritual-nutrition-coaching-v1-optimized-1280.avif","runtime-derivative-review-before-production","Responsive derivative; generated from a runtime candidate."
"responsive-derivative","src\assets\images\responsive\anvelia-ritual-nutrition-coaching-v1-optimized-1280.jpg","assets\anvelia\02-responsive-derivatives\anvelia-ritual-nutrition-coaching-v1-optimized-1280.jpg","runtime-derivative-review-before-production","Responsive derivative; generated from a runtime candidate."
"responsive-derivative","src\assets\images\responsive\anvelia-ritual-nutrition-coaching-v1-optimized-1280.webp","assets\anvelia\02-responsive-derivatives\anvelia-ritual-nutrition-coaching-v1-optimized-1280.webp","runtime-derivative-review-before-production","Responsive derivative; generated from a runtime candidate."
"responsive-derivative","src\assets\images\responsive\anvelia-ritual-nutrition-coaching-v1-optimized-1672.avif","assets\anvelia\02-responsive-derivatives\anvelia-ritual-nutrition-coaching-v1-optimized-1672.avif","runtime-derivative-review-before-production","Responsive derivative; generated from a runtime candidate."
"responsive-derivative","src\assets\images\responsive\anvelia-ritual-nutrition-coaching-v1-optimized-1672.jpg","assets\anvelia\02-responsive-derivatives\anvelia-ritual-nutrition-coaching-v1-optimized-1672.jpg","runtime-derivative-review-before-production","Responsive derivative; generated from a runtime candidate."
"responsive-derivative","src\assets\images\responsive\anvelia-ritual-nutrition-coaching-v1-optimized-1672.webp","assets\anvelia\02-responsive-derivatives\anvelia-ritual-nutrition-coaching-v1-optimized-1672.webp","runtime-derivative-review-before-production","Responsive derivative; generated from a runtime candidate."
"responsive-derivative","src\assets\images\responsive\anvelia-ritual-nutrition-coaching-v1-optimized-640.avif","assets\anvelia\02-responsive-derivatives\anvelia-ritual-nutrition-coaching-v1-optimized-640.avif","runtime-derivative-review-before-production","Responsive derivative; generated from a runtime candidate."
"responsive-derivative","src\assets\images\responsive\anvelia-ritual-nutrition-coaching-v1-optimized-640.jpg","assets\anvelia\02-responsive-derivatives\anvelia-ritual-nutrition-coaching-v1-optimized-640.jpg","runtime-derivative-review-before-production","Responsive derivative; generated from a runtime candidate."
"responsive-derivative","src\assets\images\responsive\anvelia-ritual-nutrition-coaching-v1-optimized-640.webp","assets\anvelia\02-responsive-derivatives\anvelia-ritual-nutrition-coaching-v1-optimized-640.webp","runtime-derivative-review-before-production","Responsive derivative; generated from a runtime candidate."
"responsive-derivative","src\assets\images\responsive\anvelia-ritual-nutrition-coaching-v1-optimized-960.avif","assets\anvelia\02-responsive-derivatives\anvelia-ritual-nutrition-coaching-v1-optimized-960.avif","runtime-derivative-review-before-production","Responsive derivative; generated from a runtime candidate."
"responsive-derivative","src\assets\images\responsive\anvelia-ritual-nutrition-coaching-v1-optimized-960.jpg","assets\anvelia\02-responsive-derivatives\anvelia-ritual-nutrition-coaching-v1-optimized-960.jpg","runtime-derivative-review-before-production","Responsive derivative; generated from a runtime candidate."
"responsive-derivative","src\assets\images\responsive\anvelia-ritual-nutrition-coaching-v1-optimized-960.webp","assets\anvelia\02-responsive-derivatives\anvelia-ritual-nutrition-coaching-v1-optimized-960.webp","runtime-derivative-review-before-production","Responsive derivative; generated from a runtime candidate."
"responsive-derivative","src\assets\images\responsive\anvelia-ritual-river-walk-v1-optimized-1280.avif","assets\anvelia\02-responsive-derivatives\anvelia-ritual-river-walk-v1-optimized-1280.avif","runtime-derivative-review-before-production","Responsive derivative; generated from a runtime candidate."
"responsive-derivative","src\assets\images\responsive\anvelia-ritual-river-walk-v1-optimized-1280.jpg","assets\anvelia\02-responsive-derivatives\anvelia-ritual-river-walk-v1-optimized-1280.jpg","runtime-derivative-review-before-production","Responsive derivative; generated from a runtime candidate."
"responsive-derivative","src\assets\images\responsive\anvelia-ritual-river-walk-v1-optimized-1280.webp","assets\anvelia\02-responsive-derivatives\anvelia-ritual-river-walk-v1-optimized-1280.webp","runtime-derivative-review-before-production","Responsive derivative; generated from a runtime candidate."
"responsive-derivative","src\assets\images\responsive\anvelia-ritual-river-walk-v1-optimized-1672.avif","assets\anvelia\02-responsive-derivatives\anvelia-ritual-river-walk-v1-optimized-1672.avif","runtime-derivative-review-before-production","Responsive derivative; generated from a runtime candidate."
"responsive-derivative","src\assets\images\responsive\anvelia-ritual-river-walk-v1-optimized-1672.jpg","assets\anvelia\02-responsive-derivatives\anvelia-ritual-river-walk-v1-optimized-1672.jpg","runtime-derivative-review-before-production","Responsive derivative; generated from a runtime candidate."
"responsive-derivative","src\assets\images\responsive\anvelia-ritual-river-walk-v1-optimized-1672.webp","assets\anvelia\02-responsive-derivatives\anvelia-ritual-river-walk-v1-optimized-1672.webp","runtime-derivative-review-before-production","Responsive derivative; generated from a runtime candidate."
"responsive-derivative","src\assets\images\responsive\anvelia-ritual-river-walk-v1-optimized-640.avif","assets\anvelia\02-responsive-derivatives\anvelia-ritual-river-walk-v1-optimized-640.avif","runtime-derivative-review-before-production","Responsive derivative; generated from a runtime candidate."
"responsive-derivative","src\assets\images\responsive\anvelia-ritual-river-walk-v1-optimized-640.jpg","assets\anvelia\02-responsive-derivatives\anvelia-ritual-river-walk-v1-optimized-640.jpg","runtime-derivative-review-before-production","Responsive derivative; generated from a runtime candidate."
"responsive-derivative","src\assets\images\responsive\anvelia-ritual-river-walk-v1-optimized-640.webp","assets\anvelia\02-responsive-derivatives\anvelia-ritual-river-walk-v1-optimized-640.webp","runtime-derivative-review-before-production","Responsive derivative; generated from a runtime candidate."
"responsive-derivative","src\assets\images\responsive\anvelia-ritual-river-walk-v1-optimized-960.avif","assets\anvelia\02-responsive-derivatives\anvelia-ritual-river-walk-v1-optimized-960.avif","runtime-derivative-review-before-production","Responsive derivative; generated from a runtime candidate."
"responsive-derivative","src\assets\images\responsive\anvelia-ritual-river-walk-v1-optimized-960.jpg","assets\anvelia\02-responsive-derivatives\anvelia-ritual-river-walk-v1-optimized-960.jpg","runtime-derivative-review-before-production","Responsive derivative; generated from a runtime candidate."
"responsive-derivative","src\assets\images\responsive\anvelia-ritual-river-walk-v1-optimized-960.webp","assets\anvelia\02-responsive-derivatives\anvelia-ritual-river-walk-v1-optimized-960.webp","runtime-derivative-review-before-production","Responsive derivative; generated from a runtime candidate."
"responsive-derivative","src\assets\images\responsive\anvelia-ritual-sharing-circle-v1-optimized-1280.avif","assets\anvelia\02-responsive-derivatives\anvelia-ritual-sharing-circle-v1-optimized-1280.avif","runtime-derivative-review-before-production","Responsive derivative; generated from a runtime candidate."
"responsive-derivative","src\assets\images\responsive\anvelia-ritual-sharing-circle-v1-optimized-1280.jpg","assets\anvelia\02-responsive-derivatives\anvelia-ritual-sharing-circle-v1-optimized-1280.jpg","runtime-derivative-review-before-production","Responsive derivative; generated from a runtime candidate."
"responsive-derivative","src\assets\images\responsive\anvelia-ritual-sharing-circle-v1-optimized-1280.webp","assets\anvelia\02-responsive-derivatives\anvelia-ritual-sharing-circle-v1-optimized-1280.webp","runtime-derivative-review-before-production","Responsive derivative; generated from a runtime candidate."
"responsive-derivative","src\assets\images\responsive\anvelia-ritual-sharing-circle-v1-optimized-1672.avif","assets\anvelia\02-responsive-derivatives\anvelia-ritual-sharing-circle-v1-optimized-1672.avif","runtime-derivative-review-before-production","Responsive derivative; generated from a runtime candidate."
"responsive-derivative","src\assets\images\responsive\anvelia-ritual-sharing-circle-v1-optimized-1672.jpg","assets\anvelia\02-responsive-derivatives\anvelia-ritual-sharing-circle-v1-optimized-1672.jpg","runtime-derivative-review-before-production","Responsive derivative; generated from a runtime candidate."
"responsive-derivative","src\assets\images\responsive\anvelia-ritual-sharing-circle-v1-optimized-1672.webp","assets\anvelia\02-responsive-derivatives\anvelia-ritual-sharing-circle-v1-optimized-1672.webp","runtime-derivative-review-before-production","Responsive derivative; generated from a runtime candidate."
"responsive-derivative","src\assets\images\responsive\anvelia-ritual-sharing-circle-v1-optimized-640.avif","assets\anvelia\02-responsive-derivatives\anvelia-ritual-sharing-circle-v1-optimized-640.avif","runtime-derivative-review-before-production","Responsive derivative; generated from a runtime candidate."
"responsive-derivative","src\assets\images\responsive\anvelia-ritual-sharing-circle-v1-optimized-640.jpg","assets\anvelia\02-responsive-derivatives\anvelia-ritual-sharing-circle-v1-optimized-640.jpg","runtime-derivative-review-before-production","Responsive derivative; generated from a runtime candidate."
"responsive-derivative","src\assets\images\responsive\anvelia-ritual-sharing-circle-v1-optimized-640.webp","assets\anvelia\02-responsive-derivatives\anvelia-ritual-sharing-circle-v1-optimized-640.webp","runtime-derivative-review-before-production","Responsive derivative; generated from a runtime candidate."
"responsive-derivative","src\assets\images\responsive\anvelia-ritual-sharing-circle-v1-optimized-960.avif","assets\anvelia\02-responsive-derivatives\anvelia-ritual-sharing-circle-v1-optimized-960.avif","runtime-derivative-review-before-production","Responsive derivative; generated from a runtime candidate."
"responsive-derivative","src\assets\images\responsive\anvelia-ritual-sharing-circle-v1-optimized-960.jpg","assets\anvelia\02-responsive-derivatives\anvelia-ritual-sharing-circle-v1-optimized-960.jpg","runtime-derivative-review-before-production","Responsive derivative; generated from a runtime candidate."
"responsive-derivative","src\assets\images\responsive\anvelia-ritual-sharing-circle-v1-optimized-960.webp","assets\anvelia\02-responsive-derivatives\anvelia-ritual-sharing-circle-v1-optimized-960.webp","runtime-derivative-review-before-production","Responsive derivative; generated from a runtime candidate."
"responsive-derivative","src\assets\images\responsive\anvelia-sanctuary-background-v1-optimized-1280.avif","assets\anvelia\02-responsive-derivatives\anvelia-sanctuary-background-v1-optimized-1280.avif","runtime-derivative-review-before-production","Responsive derivative; generated from a runtime candidate."
"responsive-derivative","src\assets\images\responsive\anvelia-sanctuary-background-v1-optimized-1280.jpg","assets\anvelia\02-responsive-derivatives\anvelia-sanctuary-background-v1-optimized-1280.jpg","runtime-derivative-review-before-production","Responsive derivative; generated from a runtime candidate."
"responsive-derivative","src\assets\images\responsive\anvelia-sanctuary-background-v1-optimized-1280.webp","assets\anvelia\02-responsive-derivatives\anvelia-sanctuary-background-v1-optimized-1280.webp","runtime-derivative-review-before-production","Responsive derivative; generated from a runtime candidate."
"responsive-derivative","src\assets\images\responsive\anvelia-sanctuary-background-v1-optimized-1672.avif","assets\anvelia\02-responsive-derivatives\anvelia-sanctuary-background-v1-optimized-1672.avif","runtime-derivative-review-before-production","Responsive derivative; generated from a runtime candidate."
"responsive-derivative","src\assets\images\responsive\anvelia-sanctuary-background-v1-optimized-1672.jpg","assets\anvelia\02-responsive-derivatives\anvelia-sanctuary-background-v1-optimized-1672.jpg","runtime-derivative-review-before-production","Responsive derivative; generated from a runtime candidate."
"responsive-derivative","src\assets\images\responsive\anvelia-sanctuary-background-v1-optimized-1672.webp","assets\anvelia\02-responsive-derivatives\anvelia-sanctuary-background-v1-optimized-1672.webp","runtime-derivative-review-before-production","Responsive derivative; generated from a runtime candidate."
"responsive-derivative","src\assets\images\responsive\anvelia-sanctuary-background-v1-optimized-640.avif","assets\anvelia\02-responsive-derivatives\anvelia-sanctuary-background-v1-optimized-640.avif","runtime-derivative-review-before-production","Responsive derivative; generated from a runtime candidate."
"responsive-derivative","src\assets\images\responsive\anvelia-sanctuary-background-v1-optimized-640.jpg","assets\anvelia\02-responsive-derivatives\anvelia-sanctuary-background-v1-optimized-640.jpg","runtime-derivative-review-before-production","Responsive derivative; generated from a runtime candidate."
"responsive-derivative","src\assets\images\responsive\anvelia-sanctuary-background-v1-optimized-640.webp","assets\anvelia\02-responsive-derivatives\anvelia-sanctuary-background-v1-optimized-640.webp","runtime-derivative-review-before-production","Responsive derivative; generated from a runtime candidate."
"responsive-derivative","src\assets\images\responsive\anvelia-sanctuary-background-v1-optimized-960.avif","assets\anvelia\02-responsive-derivatives\anvelia-sanctuary-background-v1-optimized-960.avif","runtime-derivative-review-before-production","Responsive derivative; generated from a runtime candidate."
"responsive-derivative","src\assets\images\responsive\anvelia-sanctuary-background-v1-optimized-960.jpg","assets\anvelia\02-responsive-derivatives\anvelia-sanctuary-background-v1-optimized-960.jpg","runtime-derivative-review-before-production","Responsive derivative; generated from a runtime candidate."
"responsive-derivative","src\assets\images\responsive\anvelia-sanctuary-background-v1-optimized-960.webp","assets\anvelia\02-responsive-derivatives\anvelia-sanctuary-background-v1-optimized-960.webp","runtime-derivative-review-before-production","Responsive derivative; generated from a runtime candidate."
"visual-qa-capture","tests\visual\anvelia-fidelity\chromium-mobile-navigation-open.jpg","assets\anvelia\08-visual-qa-captures\chromium-mobile-navigation-open.jpg","internal-qa-evidence","Visual QA capture or comparison image."
"visual-qa-capture","tests\visual\anvelia-fidelity\chromium-mobile-opening-full-page.jpg","assets\anvelia\08-visual-qa-captures\chromium-mobile-opening-full-page.jpg","internal-qa-evidence","Visual QA capture or comparison image."
"visual-qa-capture","tests\visual\anvelia-fidelity\chromium-mobile-opening-viewport.jpg","assets\anvelia\08-visual-qa-captures\chromium-mobile-opening-viewport.jpg","internal-qa-evidence","Visual QA capture or comparison image."
"visual-qa-capture","tests\visual\anvelia-fidelity\chromium-mobile-rituals-viewport.jpg","assets\anvelia\08-visual-qa-captures\chromium-mobile-rituals-viewport.jpg","internal-qa-evidence","Visual QA capture or comparison image."
"visual-qa-capture","tests\visual\anvelia-fidelity\chromium-wide-navigation-open.jpg","assets\anvelia\08-visual-qa-captures\chromium-wide-navigation-open.jpg","internal-qa-evidence","Visual QA capture or comparison image."
"visual-qa-capture","tests\visual\anvelia-fidelity\chromium-wide-opening-full-page.jpg","assets\anvelia\08-visual-qa-captures\chromium-wide-opening-full-page.jpg","internal-qa-evidence","Visual QA capture or comparison image."
"visual-qa-capture","tests\visual\anvelia-fidelity\chromium-wide-opening-viewport.jpg","assets\anvelia\08-visual-qa-captures\chromium-wide-opening-viewport.jpg","internal-qa-evidence","Visual QA capture or comparison image."
"visual-qa-capture","tests\visual\anvelia-fidelity\chromium-wide-visit-viewport.jpg","assets\anvelia\08-visual-qa-captures\chromium-wide-visit-viewport.jpg","internal-qa-evidence","Visual QA capture or comparison image."
"visual-qa-capture","tests\visual\anvelia-fidelity\comparison-mobile-states.jpg","assets\anvelia\08-visual-qa-captures\comparison-mobile-states.jpg","internal-qa-evidence","Visual QA capture or comparison image."
"visual-qa-capture","tests\visual\anvelia-fidelity\comparison-wide-field-notes.jpg","assets\anvelia\08-visual-qa-captures\comparison-wide-field-notes.jpg","internal-qa-evidence","Visual QA capture or comparison image."
"visual-qa-capture","playwright-production-preview-1440x900-full-page","assets\anvelia\08-visual-qa-captures\2026-06-30-threshold-sequence-desktop-final.png","internal-qa-evidence","Final desktop QA capture for Threshold Sequence implementation."
"visual-qa-capture","playwright-production-preview-390x844-full-page","assets\anvelia\08-visual-qa-captures\2026-06-30-threshold-sequence-mobile-final.png","internal-qa-evidence","Final mobile QA capture for Threshold Sequence implementation."
"responsive-derivative","assets\anvelia\06-moodboard-thumbnails-mcp\cinematic-rain-walk.jpg","assets\anvelia\02-responsive-derivatives\cinematic-rain-walk-640.avif","internal-art-direction-derivative","Responsive derivative generated from moodboard thumbnail for browser-comment image swap."
"responsive-derivative","assets\anvelia\06-moodboard-thumbnails-mcp\cinematic-rain-walk.jpg","assets\anvelia\02-responsive-derivatives\cinematic-rain-walk-640.webp","internal-art-direction-derivative","Responsive derivative generated from moodboard thumbnail for browser-comment image swap."
"responsive-derivative","assets\anvelia\06-moodboard-thumbnails-mcp\cinematic-rain-walk.jpg","assets\anvelia\02-responsive-derivatives\cinematic-rain-walk-640.jpg","internal-art-direction-derivative","Responsive derivative generated from moodboard thumbnail for browser-comment image swap."
"responsive-derivative","assets\anvelia\06-moodboard-thumbnails-mcp\cinematic-rain-walk.jpg","assets\anvelia\02-responsive-derivatives\cinematic-rain-walk-960.avif","internal-art-direction-derivative","Responsive derivative generated from moodboard thumbnail for browser-comment image swap."
"responsive-derivative","assets\anvelia\06-moodboard-thumbnails-mcp\cinematic-rain-walk.jpg","assets\anvelia\02-responsive-derivatives\cinematic-rain-walk-960.webp","internal-art-direction-derivative","Responsive derivative generated from moodboard thumbnail for browser-comment image swap."
"responsive-derivative","assets\anvelia\06-moodboard-thumbnails-mcp\cinematic-rain-walk.jpg","assets\anvelia\02-responsive-derivatives\cinematic-rain-walk-960.jpg","internal-art-direction-derivative","Responsive derivative generated from moodboard thumbnail for browser-comment image swap."
"responsive-derivative","assets\anvelia\06-moodboard-thumbnails-mcp\cinematic-rain-walk.jpg","assets\anvelia\02-responsive-derivatives\cinematic-rain-walk-1280.avif","internal-art-direction-derivative","Responsive derivative generated from moodboard thumbnail for browser-comment image swap."
"responsive-derivative","assets\anvelia\06-moodboard-thumbnails-mcp\cinematic-rain-walk.jpg","assets\anvelia\02-responsive-derivatives\cinematic-rain-walk-1280.webp","internal-art-direction-derivative","Responsive derivative generated from moodboard thumbnail for browser-comment image swap."
"responsive-derivative","assets\anvelia\06-moodboard-thumbnails-mcp\cinematic-rain-walk.jpg","assets\anvelia\02-responsive-derivatives\cinematic-rain-walk-1280.jpg","internal-art-direction-derivative","Responsive derivative generated from moodboard thumbnail for browser-comment image swap."
"responsive-derivative","assets\anvelia\06-moodboard-thumbnails-mcp\cinematic-rain-walk.jpg","assets\anvelia\02-responsive-derivatives\cinematic-rain-walk-1672.avif","internal-art-direction-derivative","Responsive derivative generated from moodboard thumbnail for browser-comment image swap."
"responsive-derivative","assets\anvelia\06-moodboard-thumbnails-mcp\cinematic-rain-walk.jpg","assets\anvelia\02-responsive-derivatives\cinematic-rain-walk-1672.webp","internal-art-direction-derivative","Responsive derivative generated from moodboard thumbnail for browser-comment image swap."
"responsive-derivative","assets\anvelia\06-moodboard-thumbnails-mcp\cinematic-rain-walk.jpg","assets\anvelia\02-responsive-derivatives\cinematic-rain-walk-1672.jpg","internal-art-direction-derivative","Responsive derivative generated from moodboard thumbnail for browser-comment image swap."
"responsive-derivative","assets\anvelia\06-moodboard-thumbnails-mcp\editorial-architecture-crop.jpg","assets\anvelia\02-responsive-derivatives\editorial-architecture-crop-640.avif","internal-art-direction-derivative","Responsive derivative generated from moodboard thumbnail for browser-comment image swap."
"responsive-derivative","assets\anvelia\06-moodboard-thumbnails-mcp\editorial-architecture-crop.jpg","assets\anvelia\02-responsive-derivatives\editorial-architecture-crop-640.webp","internal-art-direction-derivative","Responsive derivative generated from moodboard thumbnail for browser-comment image swap."
"responsive-derivative","assets\anvelia\06-moodboard-thumbnails-mcp\editorial-architecture-crop.jpg","assets\anvelia\02-responsive-derivatives\editorial-architecture-crop-640.jpg","internal-art-direction-derivative","Responsive derivative generated from moodboard thumbnail for browser-comment image swap."
"responsive-derivative","assets\anvelia\06-moodboard-thumbnails-mcp\editorial-architecture-crop.jpg","assets\anvelia\02-responsive-derivatives\editorial-architecture-crop-960.avif","internal-art-direction-derivative","Responsive derivative generated from moodboard thumbnail for browser-comment image swap."
"responsive-derivative","assets\anvelia\06-moodboard-thumbnails-mcp\editorial-architecture-crop.jpg","assets\anvelia\02-responsive-derivatives\editorial-architecture-crop-960.webp","internal-art-direction-derivative","Responsive derivative generated from moodboard thumbnail for browser-comment image swap."
"responsive-derivative","assets\anvelia\06-moodboard-thumbnails-mcp\editorial-architecture-crop.jpg","assets\anvelia\02-responsive-derivatives\editorial-architecture-crop-960.jpg","internal-art-direction-derivative","Responsive derivative generated from moodboard thumbnail for browser-comment image swap."
"responsive-derivative","assets\anvelia\06-moodboard-thumbnails-mcp\editorial-architecture-crop.jpg","assets\anvelia\02-responsive-derivatives\editorial-architecture-crop-1280.avif","internal-art-direction-derivative","Responsive derivative generated from moodboard thumbnail for browser-comment image swap."
"responsive-derivative","assets\anvelia\06-moodboard-thumbnails-mcp\editorial-architecture-crop.jpg","assets\anvelia\02-responsive-derivatives\editorial-architecture-crop-1280.webp","internal-art-direction-derivative","Responsive derivative generated from moodboard thumbnail for browser-comment image swap."
"responsive-derivative","assets\anvelia\06-moodboard-thumbnails-mcp\editorial-architecture-crop.jpg","assets\anvelia\02-responsive-derivatives\editorial-architecture-crop-1280.jpg","internal-art-direction-derivative","Responsive derivative generated from moodboard thumbnail for browser-comment image swap."
"responsive-derivative","assets\anvelia\06-moodboard-thumbnails-mcp\editorial-architecture-crop.jpg","assets\anvelia\02-responsive-derivatives\editorial-architecture-crop-1672.avif","internal-art-direction-derivative","Responsive derivative generated from moodboard thumbnail for browser-comment image swap."
"responsive-derivative","assets\anvelia\06-moodboard-thumbnails-mcp\editorial-architecture-crop.jpg","assets\anvelia\02-responsive-derivatives\editorial-architecture-crop-1672.webp","internal-art-direction-derivative","Responsive derivative generated from moodboard thumbnail for browser-comment image swap."
"responsive-derivative","assets\anvelia\06-moodboard-thumbnails-mcp\editorial-architecture-crop.jpg","assets\anvelia\02-responsive-derivatives\editorial-architecture-crop-1672.jpg","internal-art-direction-derivative","Responsive derivative generated from moodboard thumbnail for browser-comment image swap."
"selected-creative-direction","C:\Users\neo16\.codex\generated_images\019f1838-7eeb-7e82-8034-52d615e4d733\ig_015876740a940226016a43b48bc2f0819183671a90b2ee4d6e.png","assets\anvelia\04-creative-direction-sheets\anvelia-selected-option-2-japanese-threshold-resort.png","internal-art-direction","Selected visual source of truth: original Option 2, Japanese Threshold Resort; concept visual only, not documentary proof."
"current-production-candidate","C:\Users\neo16\.codex\generated_images\019f1838-7eeb-7e82-8034-52d615e4d733\ig_0a0c0914886a9fb7016a43ddb60b9c8191bf4a59c0a007a29b.png","assets\anvelia\01-current-production-candidates\anvelia-arrival-threshold-hero-concept.png","prototype-or-replace-before-launch","Generated arrival threshold hero candidate based on selected Option 2 direction; concept visual only, not documentary proof."
"current-production-candidate","assets\anvelia\01-current-production-candidates\anvelia-arrival-threshold-hero-concept.png","assets\anvelia\01-current-production-candidates\anvelia-arrival-threshold-hero-concept-optimized.jpg","phase-1-runtime-concept","Active Phase 1 Hero source; concept visual only, not documentary proof of an exact view or facility."
"current-production-candidate","C:\Users\neo16\.codex\generated_images\019f1838-7eeb-7e82-8034-52d615e4d733\ig_0f9a747eff7ff1f3016a4e6a3f64e48191ae7491f2ebc93d54.png","assets\anvelia\01-current-production-candidates\anvelia-cabin-threshold-stay-concept.png","prototype-or-replace-before-launch","Preferred cabin replacement candidate: closer cabin stay threshold with pitched black roof, timber cladding, glass front, deck, warm interior, bedding glow, wet deck, lantern, and hillside planting; concept visual only, not documentary proof."
"current-production-candidate","C:\Users\neo16\.codex\generated_images\019f1838-7eeb-7e82-8034-52d615e4d733\ig_031d79257e23b9e7016a4f9805e04c8196aa0e1cc14d1123e6.png","assets\anvelia\01-current-production-candidates\anvelia-cabin-calm-stay-concept.png","phase-1-runtime-concept","Active Phase 1 Cabins source with a full pitched roof, timber cladding, glass front, deck, warm interior, bedding glow, and hillside planting; concept visual only, not documentary proof."
"current-production-candidate","C:\Users\neo16\.codex\generated_images\019f1838-7eeb-7e82-8034-52d615e4d733\exec-5033b5df-223a-4744-bef1-08791808e379.png","assets\anvelia\01-current-production-candidates\anvelia-open-air-living-veranda-concept.png","phase-1-runtime-concept","Active Phase 1 Rhythm source with informal lounge seating, tea setting, timber shelter, and hillside outlook; concept visual only, not documentary proof of an exact facility."
"current-production-candidate","C:\Users\neo16\.codex\generated_images\019f1838-7eeb-7e82-8034-52d615e4d733\exec-4a9985d4-f04c-4de3-ab50-130e68d49808.png","assets\anvelia\01-current-production-candidates\anvelia-gatherings-quiet-readiness-concept.png","phase-1-runtime-concept","Active Phase 1 Gatherings source with a people-free timber pavilion and quiet table setting; concept visual only, not documentary proof of an exact facility, setup, view, service, capacity, or event."
"responsive-derivative","src\assets\images\anvelia-open-air-living-veranda-concept-640.webp","assets\anvelia\02-responsive-derivatives\anvelia-open-air-living-veranda-concept-640.webp","phase-1-runtime-concept-derivative","640px WebP runtime derivative of the active Phase 1 Rhythm concept master; not documentary proof."
"responsive-derivative","src\assets\images\anvelia-open-air-living-veranda-concept-1024.webp","assets\anvelia\02-responsive-derivatives\anvelia-open-air-living-veranda-concept-1024.webp","phase-1-runtime-concept-derivative","1024px WebP runtime derivative of the active Phase 1 Rhythm concept master; not documentary proof."
"responsive-derivative","src\assets\images\anvelia-open-air-living-veranda-concept-1536.webp","assets\anvelia\02-responsive-derivatives\anvelia-open-air-living-veranda-concept-1536.webp","phase-1-runtime-concept-derivative","1536px WebP runtime derivative of the active Phase 1 Rhythm concept master; not documentary proof."
"responsive-derivative","src\assets\images\anvelia-botanical-background-light-640.webp","assets\anvelia\02-responsive-derivatives\anvelia-botanical-background-light-640.webp","phase-1-runtime-concept-derivative","640px WebP runtime derivative of the active Phase 1 light botanical field master; decorative concept texture with no documentary role."
"responsive-derivative","src\assets\images\anvelia-botanical-background-light-1024.webp","assets\anvelia\02-responsive-derivatives\anvelia-botanical-background-light-1024.webp","phase-1-runtime-concept-derivative","1024px WebP runtime derivative of the active Phase 1 light botanical field master; decorative concept texture with no documentary role."
"responsive-derivative","src\assets\images\anvelia-gatherings-quiet-readiness-concept-640.webp","assets\anvelia\02-responsive-derivatives\anvelia-gatherings-quiet-readiness-concept-640.webp","phase-1-runtime-concept-derivative","640px WebP runtime derivative of the active Phase 1 Gatherings concept master; not documentary proof."
"responsive-derivative","src\assets\images\anvelia-gatherings-quiet-readiness-concept-1024.webp","assets\anvelia\02-responsive-derivatives\anvelia-gatherings-quiet-readiness-concept-1024.webp","phase-1-runtime-concept-derivative","1024px WebP runtime derivative of the active Phase 1 Gatherings concept master; not documentary proof."
"responsive-derivative","src\assets\images\anvelia-gatherings-quiet-readiness-concept-1536.webp","assets\anvelia\02-responsive-derivatives\anvelia-gatherings-quiet-readiness-concept-1536.webp","phase-1-runtime-concept-derivative","1536px WebP runtime derivative of the active Phase 1 Gatherings concept master; not documentary proof."
"generated-background","C:\Users\neo16\.codex\generated_images\019f1838-7eeb-7e82-8034-52d615e4d733\exec-b5c08519-825c-44fd-9268-120dcafb0b83.png","assets\anvelia\09-generated-backgrounds\anvelia-gatherings-material-paper.png","phase-1-runtime-concept","Active Phase 1 decorative Gatherings paper derived from timber, tea ware, glass, linen, and rain-softened material language; concept texture only, not documentary evidence."
"responsive-derivative","src\assets\images\anvelia-gatherings-material-paper-640.webp","assets\anvelia\02-responsive-derivatives\anvelia-gatherings-material-paper-640.webp","phase-1-runtime-concept-derivative","640px WebP runtime derivative of the active Phase 1 Gatherings material field master; decorative concept texture with no documentary role."
"responsive-derivative","src\assets\images\anvelia-gatherings-material-paper-1024.webp","assets\anvelia\02-responsive-derivatives\anvelia-gatherings-material-paper-1024.webp","phase-1-runtime-concept-derivative","1024px WebP runtime derivative of the active Phase 1 Gatherings material field master; decorative concept texture with no documentary role."
"current-production-candidate","C:\Users\neo16\.codex\generated_images\019f1838-7eeb-7e82-8034-52d615e4d733\exec-e72c2bc1-6047-4487-816d-fa3ec16e0c3d.png","assets\anvelia\01-current-production-candidates\anvelia-visit-arrival-path-concept.png","phase-1-runtime-concept","Active Phase 1 people-free Visit arrival-path source with rain-darkened stone, hillside planting, restrained lantern, timber threshold edge, and mist-softened hills; concept visual only, not documentary proof of an exact access route, landscape, structure, weather condition, or facility."
"generated-background","C:\Users\neo16\.codex\generated_images\019f1838-7eeb-7e82-8034-52d615e4d733\exec-98598ff6-8480-489f-a025-d7176a1ea623.png","assets\anvelia\09-generated-backgrounds\anvelia-visit-paper-field.png","phase-1-runtime-concept","Active Phase 1 warm-ivory handmade-paper material field for the Visit text area; generated decorative texture with no documentary role."
"responsive-derivative","src\assets\images\anvelia-visit-arrival-path-concept-640.webp","assets\anvelia\02-responsive-derivatives\anvelia-visit-arrival-path-concept-640.webp","phase-1-runtime-concept-derivative","640px WebP runtime derivative of the active Phase 1 Visit arrival-path concept; not documentary proof."
"responsive-derivative","src\assets\images\anvelia-visit-arrival-path-concept-960.webp","assets\anvelia\02-responsive-derivatives\anvelia-visit-arrival-path-concept-960.webp","phase-1-runtime-concept-derivative","960px WebP runtime derivative of the active Phase 1 Visit arrival-path concept; not documentary proof."
"responsive-derivative","src\assets\images\anvelia-visit-arrival-path-concept-1280.webp","assets\anvelia\02-responsive-derivatives\anvelia-visit-arrival-path-concept-1280.webp","phase-1-runtime-concept-derivative","1280px WebP runtime derivative of the active Phase 1 Visit arrival-path concept; not documentary proof."
"responsive-derivative","src\assets\images\anvelia-visit-arrival-path-concept-1586.webp","assets\anvelia\02-responsive-derivatives\anvelia-visit-arrival-path-concept-1586.webp","phase-1-runtime-concept-derivative","1586px WebP runtime derivative of the active Phase 1 Visit arrival-path concept; not documentary proof."
"responsive-derivative","src\assets\images\anvelia-visit-paper-field-640.webp","assets\anvelia\02-responsive-derivatives\anvelia-visit-paper-field-640.webp","phase-1-runtime-concept-derivative","640px WebP runtime derivative of the active Phase 1 Visit paper field; decorative concept texture with no documentary role."
"responsive-derivative","src\assets\images\anvelia-visit-paper-field-1024.webp","assets\anvelia\02-responsive-derivatives\anvelia-visit-paper-field-1024.webp","phase-1-runtime-concept-derivative","1024px WebP runtime derivative of the active Phase 1 Visit paper field; decorative concept texture with no documentary role."
"generated-background","assets\anvelia\09-generated-backgrounds\anvelia-botanical-background-dark.png","assets\anvelia\09-generated-backgrounds\anvelia-botanical-background-dark.png","phase-1-runtime-concept","Active Phase 1 dark botanical paper field for the Cabins text panel; canonical generated source retained in the asset library, with no external generation path recorded; decorative concept texture with no documentary role."
"generated-background","assets\anvelia\09-generated-backgrounds\anvelia-botanical-background-light.png","assets\anvelia\09-generated-backgrounds\anvelia-botanical-background-light.png","phase-1-runtime-concept","Active Phase 1 light botanical paper field for Place, Rhythm, and Activities; canonical generated source retained in the asset library, with no external generation path recorded; decorative concept texture with no documentary role."
"current-production-candidate","assets\anvelia\06-moodboard-thumbnails-mcp\vernacular-timber-craft.jpg","assets\anvelia\01-current-production-candidates\anvelia-mobile-navigation-timber-craft.jpg","phase-1-runtime-concept","Active Phase 1 mobile-navigation atmosphere copied from the selected timber-craft thumbnail; concept material detail only, not documentary proof of the resort."
"runtime-derivative","src\assets\images\anvelia-mobile-navigation-timber-craft.jpg","assets\anvelia\01-current-production-candidates\anvelia-mobile-navigation-timber-craft.jpg","phase-1-runtime-concept-derivative","Exact selected JPG shipped as the Phase 1 mobile-navigation atmosphere; concept material detail only, not documentary proof of the resort."
"responsive-derivative","src\assets\images\anvelia-arrival-threshold-hero-concept-optimized-960.webp","assets\anvelia\02-responsive-derivatives\anvelia-arrival-threshold-hero-concept-optimized-960.webp","phase-1-runtime-concept-derivative","960px WebP runtime derivative of the active Phase 1 Hero concept; not documentary proof."
"responsive-derivative","src\assets\images\anvelia-arrival-threshold-hero-concept-optimized-1600.webp","assets\anvelia\02-responsive-derivatives\anvelia-arrival-threshold-hero-concept-optimized-1600.webp","phase-1-runtime-concept-derivative","1600px WebP runtime derivative of the active Phase 1 Hero concept; not documentary proof."
"responsive-derivative","src\assets\images\anvelia-place-hillside-setting-640.webp","assets\anvelia\02-responsive-derivatives\anvelia-place-hillside-setting-640.webp","phase-1-runtime-concept-derivative","640px WebP runtime derivative of the active Phase 1 Place concept; not documentary proof."
"responsive-derivative","src\assets\images\anvelia-place-hillside-setting-1024.webp","assets\anvelia\02-responsive-derivatives\anvelia-place-hillside-setting-1024.webp","phase-1-runtime-concept-derivative","1024px WebP runtime derivative of the active Phase 1 Place concept; not documentary proof."
"responsive-derivative","src\assets\images\anvelia-place-hillside-setting-1600.webp","assets\anvelia\02-responsive-derivatives\anvelia-place-hillside-setting-1600.webp","phase-1-runtime-concept-derivative","1600px WebP runtime derivative of the active Phase 1 Place concept; not documentary proof."
"responsive-derivative","src\assets\images\anvelia-cabin-calm-stay-concept-640.webp","assets\anvelia\02-responsive-derivatives\anvelia-cabin-calm-stay-concept-640.webp","phase-1-runtime-concept-derivative","640px WebP runtime derivative of the active Phase 1 Cabins concept; not documentary proof."
"responsive-derivative","src\assets\images\anvelia-cabin-calm-stay-concept-1024.webp","assets\anvelia\02-responsive-derivatives\anvelia-cabin-calm-stay-concept-1024.webp","phase-1-runtime-concept-derivative","1024px WebP runtime derivative of the active Phase 1 Cabins concept; not documentary proof."
"responsive-derivative","src\assets\images\anvelia-cabin-calm-stay-concept-1600.webp","assets\anvelia\02-responsive-derivatives\anvelia-cabin-calm-stay-concept-1600.webp","phase-1-runtime-concept-derivative","1600px WebP runtime derivative of the active Phase 1 Cabins concept; not documentary proof."
"responsive-derivative","src\assets\images\anvelia-botanical-background-dark-1600.webp","assets\anvelia\02-responsive-derivatives\anvelia-botanical-background-dark-1600.webp","phase-1-runtime-concept-derivative","1600px WebP runtime derivative of the active Phase 1 Cabins botanical field; decorative concept texture with no documentary role."
